Squad,annual_wages_millions
Man City,352
Chelsea,331
Arsenal,239
Liverpool,238
Man Utd,235
Tottenham,193
Newcastle,172
Aston Villa,152
West Ham,143
Brighton,112
Brentford,98
Fulham,95
Wolves,94
Crystal Palace,91
Everton,90
Bournemouth,83
Nottm Forest,80
Burnley,65
Luton,55
Sheffield Utd,52
